category,url
Món Thịt Heo,https://www.dienmayxanh.com/vao-bep/cach-lam-goi-du-du-tom-kho-hap-dan-don-gian-14052
Món Thịt Heo,https://www.dienmayxanh.com/vao-bep/2-cach-nau-lau-bo-nam-thom-ngon-de-lam-tai-nha-cho-cac-bua-10409
Món Thịt Heo,https://www.dienmayxanh.com/vao-bep/cach-lam-thach-tu-dua-thom-khom-chua-ngot-deo-ngon-thanh-mat-09987
Món Thịt Heo,https://www.dienmayxanh.com/vao-bep/2-cach-nau-chao-bang-noi-ap-suat-dien-da-nang-cho-bua-sang-08982
Món Thịt Heo,https://www.dienmayxanh.com/vao-bep/cach-lam-canh-ga-chien-nuoc-mam-bo-toi-don-gian-thom-ngon-14232
Món Thịt Heo,https://www.dienmayxanh.com/vao-bep/cach-lam-cha-gio-tom-thit-khoai-mon-gion-tan-thom-beo-de-lam-08085
Món Thịt Heo,https://www.dienmayxanh.com/vao-bep/cach-lam-banh-bo-cao-bang-chuan-vi-dac-san-thom-ngon-dai-mem-23574
Món Thịt Heo,https://www.dienmayxanh.com/vao-bep/cach-lam-gio-lua-truyen-thong-tai-nha-voi-may-xay-thit-cuc-23577
Món Thịt Heo,https://www.dienmayxanh.com/vao-bep/cach-lam-mon-ga-choi-xao-lan-mem-ngon-dam-da-chuan-vi-dam-bao-23575
Món Thịt Heo,https://www.dienmayxanh.com/vao-bep/cach-lam-mon-ca-bop-nau-la-lot-chua-thanh-thom-ngon-dam-da-23576
Món Thịt Heo,https://www.dienmayxanh.com/vao-bep/cach-lam-thit-ga-chien-nuoc-mam-bat-bai-sieu-ton-com-23567
Món Thịt Heo,https://www.dienmayxanh.com/vao-bep/menu-cac-loai-tra-sua-hot-noi-dinh-dam-hien-nay-va-cong-thuc-23569
Món Thịt Heo,https://www.dienmayxanh.com/vao-bep/cach-lam-khoai-mi-xay-nuoc-cot-dua-deo-thom-ngon-bat-bai-23572
Món Thịt Heo,https://www.dienmayxanh.com/vao-bep/cach-lam-sot-pho-mai-nuong-tom-thom-ngon-beo-ngay-tai-nha-23573
Món Thịt Heo,https://www.dienmayxanh.com/vao-bep/cach-nau-canh-doc-mung-suon-chua-thanh-dam-vi-ngon-kho-cuong-23566
Món Thịt Heo,https://www.dienmayxanh.com/vao-bep/cach-nau-chao-ga-nguyen-con-ngot-mem-thit-khong-bi-bo-chao-23568
Món Thịt Heo,https://www.dienmayxanh.com/vao-bep/tong-hop-12-cach-lam-banh-tu-khoai-lang-va-bot-mi-ngon-da-23570
Món Thịt Heo,https://www.dienmayxanh.com/vao-bep/cach-nau-chao-ca-dia-cho-be-voi-bi-do-khong-bi-tanh-day-dinh-23562
Món Thịt Heo,https://www.dienmayxanh.com/vao-bep/cach-nhat-long-yen-tai-nha-sach-nhanh-chong-voi-bi-quyet-tu-a-23571
Món Thịt Heo,https://www.dienmayxanh.com/vao-bep/goi-y-thuc-don-com-van-phong-cho-1-thang-26-ngay-da-dang-che-23541
Món Thịt Heo,https://www.dienmayxanh.com/vao-bep/chuot-lam-gi-ngon-tong-hop-8-mon-chuot-dong-ngon-ba-chay-23522
Món Thịt Heo,https://www.dienmayxanh.com/vao-bep/cach-nhat-rau-bi-dung-don-gian-sach-xo-de-che-bien-nhieu-mon-23516
Món Chay,https://www.dienmayxanh.com/vao-bep/cach-lam-dau-bap-kho-nuoc-tuong-thom-ngon-doi-vi-cho-bua-com-14213
Món Chay,https://www.dienmayxanh.com/vao-bep/cach-lam-cu-cai-muoi-xao-chay-thom-ngon-la-vi-cho-bua-com-07329
Món Chay,https://www.dienmayxanh.com/vao-bep/cach-lam-mit-kho-tuong-hot-thom-ngon-don-gian-tai-nha-07314
Món Chay,https://www.dienmayxanh.com/vao-bep/cach-lam-ot-chuong-xao-chay-dinh-duong-thom-ngon-don-gian-cho-14633
Món Chay,https://www.dienmayxanh.com/vao-bep/cach-nau-canh-rong-bien-chay-ngot-lanh-thanh-dam-cho-bua-com-23515
Món Chay,https://www.dienmayxanh.com/vao-bep/cach-lam-nam-rom-kho-sa-ot-la-mieng-thom-ngon-doi-vi-cho-gia-07250
Món Chay,https://www.dienmayxanh.com/vao-bep/bi-quyet-nau-rau-bi-luoc-xanh-muot-don-gian-cho-bua-com-ngon-23510
Món Chay,https://www.dienmayxanh.com/vao-bep/2-cach-lam-goi-bap-cai-ca-rot-chay-thanh-dam-cho-mam-com-ngay-12653
Món Chay,https://www.dienmayxanh.com/vao-bep/cach-nau-canh-gia-do-ca-chua-chay-thanh-dam-mat-nguoi-de-an-12515
Món Chay,https://www.dienmayxanh.com/vao-bep/cach-lam-suon-non-chay-chien-sa-ot-gion-rum-thom-ngon-de-lam-12262
Món Chay,https://www.dienmayxanh.com/vao-bep/cach-lam-dau-hu-non-sot-xi-dau-theo-2-cong-thuc-hap-chien-mem-23468
Món Chay,https://www.dienmayxanh.com/vao-bep/2-cach-lam-nuoc-mam-chay-tu-thom-dua-dam-vi-thom-ngon-cham-gi-14870
Món Chay,https://www.dienmayxanh.com/vao-bep/cach-lam-tuong-dau-nanh-tuong-hot-ngon-nhanh-chay-man-deu-07177
Món Chay,https://www.dienmayxanh.com/vao-bep/3-cach-lam-bi-do-kho-chay-hap-dan-thom-ngon-don-gian-cho-bua-12780
Món Chay,https://www.dienmayxanh.com/vao-bep/3-cach-lam-kimbap-chay-thanh-dam-thom-ngon-don-gian-tai-nha-13481
Món Chay,https://www.dienmayxanh.com/vao-bep/cach-lam-muoi-vung-lac-don-gian-cho-bua-an-chay-dam-bac-07763
Món Chay,https://www.dienmayxanh.com/vao-bep/cach-lam-dau-hu-kho-moi-la-gion-ngon-hap-dan-ai-cung-lam-duoc-12782
Món Chay,https://www.dienmayxanh.com/vao-bep/2-cach-lam-com-dua-kho-chay-voi-tieu-va-nuoc-tuong-beo-thom-07546
Món Chay,https://www.dienmayxanh.com/vao-bep/cach-lam-oc-dau-chay-chien-gion-la-mieng-thom-ngon-doi-vi-10089
Món Chay,https://www.dienmayxanh.com/vao-bep/cach-nau-canh-rau-ngot-khong-rau-ngot-chay-thanh-dam-ma-dua-13650
Món Chay,https://www.dienmayxanh.com/vao-bep/2-cach-lam-bun-tron-chay-thom-ngon-don-gian-thanh-dam-cho-bua-08509
Món Chay,https://www.dienmayxanh.com/vao-bep/cach-lam-hu-tieu-bo-kho-chay-thom-ngon-du-chat-cho-bua-sang-10277
Món Chay,https://www.dienmayxanh.com/vao-bep/cach-lam-suon-non-chay-don-gian-thom-ngon-ngay-tai-nha-13461
Món Chay,https://www.dienmayxanh.com/vao-bep/cach-lam-dau-phu-bang-nuoc-chua-don-gian-de-lam-13343
Món Canh,https://www.dienmayxanh.com/vao-bep/kham-pha-nguyen-lieu-nau-canh-chua-ca-ngon-dung-dieu-ca-khong-23553
Món Canh,https://www.dienmayxanh.com/vao-bep/mach-ban-3-cach-thai-bau-nau-canh-ngon-va-meo-giu-bau-xanh-23550
Món Canh,https://www.dienmayxanh.com/vao-bep/cach-lam-ca-mai-nau-canh-chua-ngon-thanh-nhiet-de-lam-tai-nha-11721
Món Canh,https://www.dienmayxanh.com/vao-bep/canh-chua-an-voi-mon-man-gi-goi-y-cac-mon-man-kho-chien-xao-23527
Món Canh,https://www.dienmayxanh.com/vao-bep/cach-nau-canh-ca-tim-nau-xuong-heo-ngon-ngot-la-mieng-doi-mon-12804
Món Canh,https://www.dienmayxanh.com/vao-bep/cach-nau-duoi-heo-ham-dau-phong-ngot-thom-beo-bui-hap-dan-08975
Món Canh,https://www.dienmayxanh.com/vao-bep/tong-hop-cac-loai-rau-nem-canh-chua-thong-dung-de-di-cho-23506
Món Canh,https://www.dienmayxanh.com/vao-bep/cach-nau-canh-ga-kieu-trung-quoc-chuan-vi-thom-ngon-bo-duong-12922
Món Canh,https://www.dienmayxanh.com/vao-bep/cach-nau-canh-chua-bong-so-dua-voi-ca-loc-thanh-mat-cho-bua-23487
Món Canh,https://www.dienmayxanh.com/vao-bep/cach-lam-canh-la-lot-nau-thit-heo-thom-ngon-dua-com-23480
Món Canh,https://www.dienmayxanh.com/vao-bep/cong-thuc-nau-canh-duong-sinh-nhat-ban-de-thanh-loc-boi-bo-co-23459
Món Canh,https://www.dienmayxanh.com/vao-bep/cach-nau-canh-cai-thao-ca-chua-thom-ngon-cho-bua-com-thanh-17866
Món Canh,https://www.dienmayxanh.com/vao-bep/cach-nau-canh-cai-xanh-voi-gung-thanh-mat-am-nong-cho-nhung-23447
Món Canh,https://www.dienmayxanh.com/vao-bep/2-cach-nau-suon-heo-va-suon-bo-ham-du-du-ngon-ngot-hap-dan-09402
Món Canh,https://www.dienmayxanh.com/vao-bep/bi-quyet-lam-ca-chep-gion-nau-canh-chua-thanh-mat-ca-khong-23438
Món Canh,https://www.dienmayxanh.com/vao-bep/cach-lam-ca-loc-nau-canh-bau-thanh-mat-ca-khong-tanh-don-gian-23432
Món Canh,https://www.dienmayxanh.com/vao-bep/cach-nau-canh-moc-nam-huong-ngot-thanh-chuan-vi-cho-mam-co-23415
Món Canh,https://www.dienmayxanh.com/vao-bep/cach-nau-canh-kho-qua-trung-don-gian-thanh-mat-giai-nhiet-cho-23408
Món Canh,https://www.dienmayxanh.com/vao-bep/cach-nau-mon-ca-chim-trang-nau-canh-chua-thom-ngon-don-gian-14099
Món Kho,https://www.dienmayxanh.com/vao-bep/cach-lam-ca-kho-sung-la-mieng-doc-dao-vua-thom-ngon-vua-don-18072
Món Kho,https://www.dienmayxanh.com/vao-bep/cach-nau-ca-chep-kho-khe-chua-ngot-thom-ngon-dam-da-cuc-bat-14230
Món Kho,https://www.dienmayxanh.com/vao-bep/cach-lam-ca-doi-kho-thom-dua-chua-ngot-dam-da-cho-bua-com-gia-09023
Món Kho,https://www.dienmayxanh.com/vao-bep/cach-lam-kho-quet-khong-thit-voi-nuoc-mam-set-dam-da-cham-rau-23511
Món Kho,https://www.dienmayxanh.com/vao-bep/cach-lam-kho-quet-tom-thit-dam-da-hao-com-ngon-chuan-vi-mien-23503
Món Kho,https://www.dienmayxanh.com/vao-bep/bi-quyet-lam-thit-lon-nau-gia-cay-ngon-dam-vi-que-cho-bua-com-23490
Món Kho,https://www.dienmayxanh.com/vao-bep/cach-nau-ca-ri-ga-mien-tay-an-banh-mi-thom-beo-chuan-vi-de-23483
Món Kho,https://www.dienmayxanh.com/vao-bep/cach-lam-gio-heo-kho-nuoc-dua-dam-da-mem-ruc-hap-dan-cho-com-23475
Món Kho,https://www.dienmayxanh.com/vao-bep/cach-lam-pha-lau-long-heo-ngon-don-gian-dai-thay-co-ngay-20-14395
Món Kho,https://www.dienmayxanh.com/vao-bep/cong-thuc-thit-kho-cu-cai-kho-ngon-quen-loi-ve-cho-bua-com-23472
Món Kho,https://www.dienmayxanh.com/vao-bep/cach-lam-thit-soc-gia-cay-khong-hoi-tai-nha-sieu-dam-da-23452
Món Kho,https://www.dienmayxanh.com/vao-bep/cach-lam-suon-rim-nuoc-mam-dam-da-ngon-mieng-de-lam-tai-nha-10314
Món Kho,https://www.dienmayxanh.com/vao-bep/cach-lam-ca-loc-kho-tieu-dam-da-chac-thit-keo-nuoc-bat-com-vo-10657
Món Kho,https://www.dienmayxanh.com/vao-bep/cach-lam-ga-kho-mang-dam-da-hap-dan-doi-vi-cho-bua-com-gia-09783
Món Kho,https://www.dienmayxanh.com/vao-bep/cong-thuc-thit-bo-om-dua-chua-ngot-dam-da-chuan-vi-va-vo-cung-23406
Món Kho,https://www.dienmayxanh.com/vao-bep/bi-quyet-lam-tom-rim-thit-ba-roi-dam-da-chuan-vi-com-nha-voi-23395
Món Kho,https://www.dienmayxanh.com/vao-bep/cach-lam-thit-heo-kho-rieng-me-don-gian-cho-gia-dinh-thom-17865
Món Kho,https://www.dienmayxanh.com/vao-bep/cach-lam-tep-kho-rim-man-ngot-dam-da-bat-com-bang-chao-inox-23387
Món Kho,https://www.dienmayxanh.com/vao-bep/cach-nau-ca-ngu-kho-thom-ca-chua-dam-da-hap-dan-cuc-bat-com-15534
Món Kho,https://www.dienmayxanh.com/vao-bep/cach-lam-thit-xa-xiu-nguoi-hoa-thom-mem-chuan-vi-chi-voi-chao-23377
Món Xào,https://www.dienmayxanh.com/vao-bep/cach-lam-oc-huong-xao-bo-toi-cham-banh-mi-thom-ngon-bat-bai-23560
Món Xào,https://www.dienmayxanh.com/vao-bep/cach-lam-gio-xao-bang-chai-nhua-don-gian-de-thuc-hien-cho-mua-23547
Món Xào,https://www.dienmayxanh.com/vao-bep/cach-lam-thit-xao-mam-ruoc-sa-sieu-bat-com-khong-man-23537
Món Xào,https://www.dienmayxanh.com/vao-bep/cach-xao-mi-tom-hao-hao-cuu-doi-ngon-tuyet-cu-meo-voi-nuoc-23532
Món Xào,https://www.dienmayxanh.com/vao-bep/cach-lam-tom-cang-xanh-rang-muoi-ot-thom-ngon-dam-da-kho-23518
Món Xào,https://www.dienmayxanh.com/vao-bep/cach-lam-dua-cai-chua-xao-toi-bat-vi-cho-bua-com-cuon-hut-13128
Món Xào,https://www.dienmayxanh.com/vao-bep/cach-lam-bap-cai-xao-thit-heo-thom-ngon-don-gian-cho-ca-nha-15714
Món Xào,https://www.dienmayxanh.com/vao-bep/cach-lam-dua-mon-xao-thit-heo-dam-vi-cho-mam-com-gia-dinh-11405
Món Xào,https://www.dienmayxanh.com/vao-bep/cach-lam-nam-xao-trung-thom-bui-mem-ngon-kho-cuong-16750
Món Xào,https://www.dienmayxanh.com/vao-bep/cach-lam-thit-ngua-xao-lan-thom-ngon-khong-dai-tai-nha-23481
Món Xào,https://www.dienmayxanh.com/vao-bep/cach-lam-ech-xao-sa-te-hanh-tay-thom-lung-cay-te-dam-da-cuc-23476
Món Xào,https://www.dienmayxanh.com/vao-bep/cach-lam-thit-nhim-xao-sa-ot-thom-ngon-day-mui-tai-nha-cuc-ki-23448
Món Xào,https://www.dienmayxanh.com/vao-bep/cach-lam-su-su-xao-trung-mem-thom-hap-dan-cuc-don-gian-tai-17189
Món Xào,https://www.dienmayxanh.com/vao-bep/cach-lam-oc-huong-xao-bo-bap-thom-beo-hap-dan-ngay-tai-nha-23446
Món Xào,https://www.dienmayxanh.com/vao-bep/cach-lam-oc-van-xao-sa-ot-la-chanh-gion-thom-hap-dan-an-la-23436
Món Xào,https://www.dienmayxanh.com/vao-bep/cach-lam-tom-xao-sa-ot-ngon-mem-dam-da-cho-bua-com-nha-them-23433
Món Xào,https://www.dienmayxanh.com/vao-bep/cach-lam-thit-da-dieu-xao-sa-ot-dam-vi-dac-sac-tai-nha-ai-an-23422
Món Xào,https://www.dienmayxanh.com/vao-bep/cach-lam-thit-heo-sot-ca-chua-dam-da-bat-com-bang-chao-chong-23417
Món Xào,https://www.dienmayxanh.com/vao-bep/cach-nhat-rau-muong-de-xao-va-an-song-nhanh-chuan-lam-bua-com-23412
Món Xào,https://www.dienmayxanh.com/vao-bep/cach-xao-dau-bap-khong-nhot-mau-xanh-dep-mat-va-de-thuong-23409
Món Chiên,https://www.dienmayxanh.com/vao-bep/cong-thuc-lam-cha-com-bun-dau-thom-ngon-don-gian-chuan-vi-ha-23563
Món Chiên,https://www.dienmayxanh.com/vao-bep/cach-lam-thit-ap-chao-gion-bi-thom-ngon-don-gian-de-lam-23552
Món Chiên,https://www.dienmayxanh.com/vao-bep/2-cach-lam-khoai-tay-lac-pho-mai-gion-rum-beo-thom-hap-dan-an-13516
Món Chiên,https://www.dienmayxanh.com/vao-bep/cach-lam-ga-ran-sot-ca-ri-gion-tan-dam-vi-ai-cung-thich-me-14839
Món Chiên,https://www.dienmayxanh.com/vao-bep/2-cach-pha-bot-banh-xeo-sieu-de-cho-vo-banh-gion-lau-cang-an-23543
Món Chiên,https://www.dienmayxanh.com/vao-bep/cach-lam-trung-sot-ca-chua-don-gian-ngon-mieng-cho-bua-com-23530
Món Chiên,https://www.dienmayxanh.com/vao-bep/cach-lam-khoai-tay-chien-gion-lau-de-ca-ngay-van-gion-khong-23534
Món Chiên,https://www.dienmayxanh.com/vao-bep/cach-lam-thit-heo-chien-toi-ot-dan-da-cho-bua-com-them-tron-11391
Món Chiên,https://www.dienmayxanh.com/vao-bep/cach-lam-top-mo-sot-ca-chua-thom-ngon-hap-dan-dam-da-cho-bua-11911
Món Chiên,https://www.dienmayxanh.com/vao-bep/cach-lam-tuy-bo-chien-trung-ga-gion-thom-beo-ngay-an-la-me-09495
Món Chiên,https://www.dienmayxanh.com/vao-bep/cach-lam-banh-mi-trung-op-la-ngon-an-sang-kieu-moi-day-du-23491
Món Chiên,https://www.dienmayxanh.com/vao-bep/cach-lam-ga-khong-loi-thoat-ngon-gion-rum-ben-ngoai-ngot-thit-23497
Món Chiên,https://www.dienmayxanh.com/vao-bep/cach-lam-ga-chien-mam-toi-ot-dam-da-cuc-hap-dan-chieu-dai-gia-10263
Món Chiên,https://www.dienmayxanh.com/vao-bep/cach-lam-thit-ba-chi-chien-sa-ot-thom-gion-dam-da-hao-com-voi-23471
Món Chiên,https://www.dienmayxanh.com/vao-bep/cach-uop-suon-non-chien-gion-dam-da-lam-moi-nhau-bon-mieng-23457
Món Chiên,https://www.dienmayxanh.com/vao-bep/cach-uop-cot-let-chien-khong-bi-kho-mem-ngon-sieu-don-gian-23450
Món Chiên,https://www.dienmayxanh.com/vao-bep/cach-uop-ca-chien-gion-rum-nhu-da-heo-quay-ma-ben-trong-van-23443
Món Chiên,https://www.dienmayxanh.com/vao-bep/cach-lam-muc-trung-chien-nuoc-mam-dam-da-huong-vi-thom-ngon-23421
Món Chiên,https://www.dienmayxanh.com/vao-bep/cong-thuc-lam-banh-khoai-mi-chien-gion-de-lam-mon-an-vat-ngon-23413
Món Chiên,https://www.dienmayxanh.com/vao-bep/cach-lam-ca-cam-chien-vang-gion-thom-ngon-chi-voi-2-buoc-thuc-10961
Món Nướng,https://www.dienmayxanh.com/vao-bep/cach-uop-thit-vit-nuong-tai-nha-thom-ngon-chuan-vi-hang-quan-23544
Món Nướng,https://www.dienmayxanh.com/vao-bep/cach-lam-banh-uot-cuon-thit-nuong-hoi-an-chuan-vi-ngon-don-13899
Món Nướng,https://www.dienmayxanh.com/vao-bep/cach-lam-sot-uop-ga-nuong-thom-ngon-tai-nha-tiet-kiem-23536
Món Nướng,https://www.dienmayxanh.com/vao-bep/cach-uop-ca-nuong-ngon-quen-loi-ve-tai-nha-cuc-don-gian-23531
Món Nướng,https://www.dienmayxanh.com/vao-bep/cach-lam-sot-uop-ca-nuong-khong-bi-kho-thom-ngon-hap-dan-23525
Món Nướng,https://www.dienmayxanh.com/vao-bep/cach-nuong-oc-huong-bang-noi-chien-khong-dau-thom-ngot-don-23519
Món Nướng,https://www.dienmayxanh.com/vao-bep/cach-uop-cha-nuong-bun-cha-ha-noi-kinh-doanh-thom-ngon-mem-23507
Món Nướng,https://www.dienmayxanh.com/vao-bep/cach-lam-thit-heo-nuong-rieng-me-thom-lung-hap-dan-dai-tiec-14396
Món Nướng,https://www.dienmayxanh.com/vao-bep/cach-uop-de-nuong-sa-te-ngu-vi-thom-lung-ngon-mem-mien-che-23502
Món Nướng,https://www.dienmayxanh.com/vao-bep/cach-uop-suon-bo-nuong-mem-ngon-kieu-han-quoc-an-la-ghien-23492
Món Nướng,https://www.dienmayxanh.com/vao-bep/cong-thuc-lam-nuoc-cham-heo-quay-doc-dao-moi-la-cang-cham-23496
Món Nướng,https://www.dienmayxanh.com/vao-bep/cach-lam-thit-quay-gion-bi-theo-meo-don-gian-dam-bao-thanh-23489
Món Nướng,https://www.dienmayxanh.com/vao-bep/cach-lam-ca-loc-nuong-rieng-sa-thom-lung-cay-cay-ngon-hap-dan-12671
Món Nướng,https://www.dienmayxanh.com/vao-bep/cach-lam-chim-se-quay-dam-vi-thom-ngon-voi-cong-thuc-uop-don-23466
Món Nướng,https://www.dienmayxanh.com/vao-bep/2-cach-lam-thit-chan-gio-nuong-bang-noi-chien-khong-dau-cuc-15687
Món Nướng,https://www.dienmayxanh.com/vao-bep/cach-lam-toi-nuong-bang-noi-chien-khong-dau-thom-lung-chi-mat-23458
Món Nướng,https://www.dienmayxanh.com/vao-bep/cong-thuc-nuoc-sot-me-cham-thit-nuong-cang-cham-cang-ghien-ma-23453
Món Nướng,https://www.dienmayxanh.com/vao-bep/cach-lam-luon-nhat-nuong-sot-teriyaki-dung-chuan-tham-vi-tai-23435
Món Nướng,https://www.dienmayxanh.com/vao-bep/cach-uop-thit-nuong-com-tam-mem-mong-nuoc-thom-lung-chuan-vi-23431
Món Nướng,https://www.dienmayxanh.com/vao-bep/cong-thuc-uop-thit-nuong-sua-dac-dung-chuan-de-mieng-thit-mem-23425
Món Nướng,https://www.dienmayxanh.com/vao-bep/lam-mon-thit-nuong-ngu-vi-huong-cung-cong-thuc-nuoc-cham-ngon-23416
Món Nướng,https://www.dienmayxanh.com/vao-bep/cach-lam-dui-cuu-nuong-ngay-tai-nha-don-gian-voi-cong-thuc-23410
Món Nướng,https://www.dienmayxanh.com/vao-bep/cach-uop-thit-nuong-mien-bac-dam-vi-thom-lung-an-khong-ngan-23403
Món Hấp,https://www.dienmayxanh.com/vao-bep/cach-uop-ca-hap-giay-bac-thom-ngon-dam-da-chuan-vi-de-lam-tai-23565
Món Hấp,https://www.dienmayxanh.com/vao-bep/cach-hap-xoi-ngon-thom-deo-tai-nha-don-gian-chi-voi-vai-phut-23551
Món Hấp,https://www.dienmayxanh.com/vao-bep/cach-lam-oc-hap-la-gung-sieu-ngon-gion-san-sat-de-chinh-phuc-23558
Món Hấp,https://www.dienmayxanh.com/vao-bep/cach-uop-ca-hap-hanh-sa-gung-thom-lung-tham-vi-don-gian-tai-23546
Món Hấp,https://www.dienmayxanh.com/vao-bep/cach-lam-banh-bao-bang-bot-pha-san-de-thanh-pham-banh-cang-23538
Món Hấp,https://www.dienmayxanh.com/vao-bep/cach-lam-be-hap-gung-don-gian-hap-dan-ngon-dung-dieu-13006
Món Hấp,https://www.dienmayxanh.com/vao-bep/cach-luoc-gan-heo-mem-ngon-khong-hoi-cuc-ngon-tai-nha-14652
Món Hấp,https://www.dienmayxanh.com/vao-bep/cach-lam-bap-bo-hap-gung-thom-ngon-don-gian-tai-nha-08721
Món Hấp,https://www.dienmayxanh.com/vao-bep/cach-lam-ca-qua-hap-xi-dau-cuc-ngon-cho-ngay-dau-tuan-them-12563
Món Hấp,https://www.dienmayxanh.com/vao-bep/cach-lam-ga-hap-muoi-da-gion-thom-ngon-ngot-nuoc-khong-hu-noi-23485
Món Hấp,https://www.dienmayxanh.com/vao-bep/cach-lam-mon-ca-chep-hap-sa-thom-ngon-dam-da-khong-kem-canh-16371
Món Hấp,https://www.dienmayxanh.com/vao-bep/cach-hap-tom-sa-bia-la-chanh-thom-ngon-chac-thit-sieu-don-23477
Món Hấp,https://www.dienmayxanh.com/vao-bep/cach-lam-ca-loc-hap-cuon-banh-trang-voi-mo-hanh-thom-ngon-het-23460
Món Hấp,https://www.dienmayxanh.com/vao-bep/cach-lam-cay-huong-hap-nguyen-con-cham-mam-tom-ngon-ba-chay-23461
Món Hấp,https://www.dienmayxanh.com/vao-bep/cach-lam-cha-trung-com-tam-ngon-deo-dai-mem-toi-ma-khong-bo-23451
Món Hấp,https://www.dienmayxanh.com/vao-bep/cach-lam-pate-uc-ga-healthy-thom-ngon-beo-ngay-ma-khong-lo-14070
Món Hấp,https://www.dienmayxanh.com/vao-bep/cach-nau-che-con-ong-bang-duong-thot-not-deo-thom-ngon-ngot-07241
Món Hấp,https://www.dienmayxanh.com/vao-bep/cach-lam-lon-man-hap-rieng-me-thom-phuc-tai-nha-an-cuc-cuon-23445
Món Hấp,https://www.dienmayxanh.com/vao-bep/cach-hap-tom-sa-gung-giu-nguyen-duong-chat-thom-lung-cuon-hut-23439
Món Hấp,https://www.dienmayxanh.com/vao-bep/cach-nau-ga-hap-hem-la-mieng-ngon-chuan-vi-mien-tay-tai-nha-23434
Món Hấp,https://www.dienmayxanh.com/vao-bep/cach-lam-tai-heo-cuon-bap-bo-gion-ngon-hap-dan-don-gian-ai-08138
Món Hấp,https://www.dienmayxanh.com/vao-bep/mach-ban-bi-quyet-lam-mong-gio-luoc-trang-gion-khong-hoi-cuc-23414
Món Gỏi,https://www.dienmayxanh.com/vao-bep/cach-lam-goi-xoai-ca-tre-kieu-thai-la-mieng-doc-dao-va-vo-13662
Món Gỏi,https://www.dienmayxanh.com/vao-bep/cach-lam-goi-ga-rau-nhut-thom-ngon-don-gian-de-lam-ai-cung-me-11707
Món Gỏi,https://www.dienmayxanh.com/vao-bep/cach-lam-nom-ga-xe-phay-gia-do-gion-ngon-nham-nhi-mai-khong-14953
Món Gỏi,https://www.dienmayxanh.com/vao-bep/cach-lam-goi-bo-ba-khia-cuc-ngon-va-vo-cung-don-gian-cho-ca-14590
Món Gỏi,https://www.dienmayxanh.com/vao-bep/kham-pha-cac-loai-rau-an-song-ngon-va-bo-duong-cho-suc-khoe-23512
Món Gỏi,https://www.dienmayxanh.com/vao-bep/2-cach-lam-nom-sua-du-du-va-nom-sua-rau-thom-dai-gion-thom-10759
Món Gỏi,https://www.dienmayxanh.com/vao-bep/cach-lam-goi-ga-bap-chuoi-hoa-chuoi-gion-ngon-thanh-mat-cuc-15623
Món Gỏi,https://www.dienmayxanh.com/vao-bep/cong-thuc-nuoc-tron-nom-tron-goi-da-nang-chuan-vi-chua-ngot-23493
Món Gỏi,https://www.dienmayxanh.com/vao-bep/cach-lam-goi-cu-hu-dua-tai-heo-gion-ngon-kho-cuong-tai-nha-14499
Món Gỏi,https://www.dienmayxanh.com/vao-bep/cach-lam-kim-chi-bang-goi-gia-vi-o-food-tai-nha-sieu-don-gian-23479
Món Gỏi,https://www.dienmayxanh.com/vao-bep/cach-lam-goi-ca-rot-gion-ngon-don-gian-tai-nha-13621
Món Gỏi,https://www.dienmayxanh.com/vao-bep/cach-lam-salad-ngu-sac-gion-ngon-dep-mat-doi-vi-cho-bua-com-17164
Món Gỏi,https://www.dienmayxanh.com/vao-bep/cach-lam-goi-be-thui-bap-chuoi-moi-la-hap-dan-de-lam-tai-nha-11475
Món Gỏi,https://www.dienmayxanh.com/vao-bep/cach-lam-ca-trich-phile-de-tron-goi-va-che-bien-ca-trich-ep-23449
Món Gỏi,https://www.dienmayxanh.com/vao-bep/cach-lam-salad-tao-gion-ngon-thanh-mat-cuc-ky-hap-dan-11956
Món Gỏi,https://www.dienmayxanh.com/vao-bep/cach-ngam-hanh-tim-thai-lat-an-lien-an-bun-bo-hue-chuan-vi-23430
Món Gỏi,https://www.dienmayxanh.com/vao-bep/cach-lam-goi-ca-dieu-hong-thom-ngon-hap-dan-la-mieng-de-lam-15449
Món Gỏi,https://www.dienmayxanh.com/vao-bep/cong-thuc-tron-nom-gio-lua-dua-chuot-gion-ngon-giai-ngay-don-23424
Món Gỏi,https://www.dienmayxanh.com/vao-bep/cach-lam-goi-ca-moi-moi-la-thom-ngon-don-gian-tai-nha-11841
Món Gỏi,https://www.dienmayxanh.com/vao-bep/hoc-cach-danh-tiet-canh-lon-dong-ngot-thom-cuc-dinh-tai-nha-23419
Món Gỏi,https://www.dienmayxanh.com/vao-bep/cach-lam-sashimi-ca-trich-ep-trung-tai-nha-sieu-don-gian-23411
Món Gỏi,https://www.dienmayxanh.com/vao-bep/hoc-ngay-mon-goi-bo-khoai-mon-chien-gion-la-mieng-gion-rum-23397
Món Cuốn,https://www.dienmayxanh.com/vao-bep/cach-lam-mi-tron-xa-xiu-thom-ngon-hap-dan-dam-da-de-lam-tai-12959
Món Cuốn,https://www.dienmayxanh.com/vao-bep/tong-hop-cac-nguyen-lieu-lam-pho-cuon-day-du-chuan-vi-ha-noi-23528
Món Cuốn,https://www.dienmayxanh.com/vao-bep/tong-hop-cac-loai-rau-an-bun-dau-mam-tom-dung-chuan-cho-mon-23524
Món Cuốn,https://www.dienmayxanh.com/vao-bep/cong-thuc-nuoc-tuong-toi-ot-chua-ngot-theo-cach-nay-dam-bao-23500
Món Cuốn,https://www.dienmayxanh.com/vao-bep/cach-lam-mi-tron-trung-muoi-sieu-ngon-dam-da-beo-bui-de-lam-12537
Món Cuốn,https://www.dienmayxanh.com/vao-bep/cach-lam-com-bento-hinh-hoa-tang-thay-co-ngay-20-11-sieu-dep-14613
Món Cuốn,https://www.dienmayxanh.com/vao-bep/2-cach-lam-bo-cuon-nam-kim-cham-ap-chao-thom-lung-dam-da-11401
Món Cuốn,https://www.dienmayxanh.com/vao-bep/cach-lam-banh-tacos-phap-theo-cong-thuc-chuan-vi-ngon-nhu-23482
Món Cuốn,https://www.dienmayxanh.com/vao-bep/cach-lam-pho-bo-tron-chua-ngot-ngon-mieng-hap-dan-chuan-vi-12755
Món Cuốn,https://www.dienmayxanh.com/vao-bep/cach-lam-hu-tieu-mi-kho-sieu-ngon-hap-dan-dam-da-de-lam-tai-12188
Món Cuốn,https://www.dienmayxanh.com/vao-bep/cach-lam-bun-kho-tron-tom-don-gian-dam-vi-cuc-ngon-mieng-13849
Món Cuốn,https://www.dienmayxanh.com/vao-bep/cach-lam-kimbap-uc-ga-rau-cu-gion-ngon-don-gian-tai-nha-07985
Món Cuốn,https://www.dienmayxanh.com/vao-bep/cach-lam-cha-cuon-la-buoi-la-mieng-thom-ngon-kho-cuong-14441
Món Cuốn,https://www.dienmayxanh.com/vao-bep/cach-lam-mi-tron-pho-mai-xuc-xich-thom-ngon-hap-dan-de-lam-12604
Món Lẩu,https://www.dienmayxanh.com/vao-bep/cach-lam-lau-sach-bo-dam-da-huong-vi-tai-nha-don-gian-khong-23561
Món Lẩu,https://www.dienmayxanh.com/vao-bep/lau-bo-an-rau-gi-tong-hop-cac-loai-rau-an-lau-bo-khong-the-23554
Món Lẩu,https://www.dienmayxanh.com/vao-bep/cach-lam-lau-bach-tuoc-nhung-ot-cay-nong-gion-gion-thom-ngon-10482
Món Lẩu,https://www.dienmayxanh.com/vao-bep/tong-hop-cac-loai-rau-an-lau-hai-san-phu-hop-de-noi-lau-them-23526
Món Lẩu,https://www.dienmayxanh.com/vao-bep/cach-nau-lau-mam-ca-tra-nong-hoi-dam-da-dan-da-hap-dan-huong-13768
Món Lẩu,https://www.dienmayxanh.com/vao-bep/tong-hop-cac-loai-rau-an-lau-thai-sieu-hop-di-cho-nhat-dinh-23513
Món Lẩu,https://www.dienmayxanh.com/vao-bep/cach-lam-lau-ca-tram-chua-cay-thom-ngon-dam-da-bo-duong-07640
Món Lẩu,https://www.dienmayxanh.com/vao-bep/cach-nau-lau-thai-bang-goi-gia-vi-chua-cay-lam-san-sieu-don-23495
Món Lẩu,https://www.dienmayxanh.com/vao-bep/cach-nau-lau-chan-gio-heo-thom-ngon-bo-duong-cho-ca-nha-cung-11441
Món Lẩu,https://www.dienmayxanh.com/vao-bep/cach-nau-lau-bo-my-thom-ngon-thanh-ngot-vi-ca-chua-15930
Món Lẩu,https://www.dienmayxanh.com/vao-bep/2-cach-nau-lau-ca-chach-trach-nau-me-va-chua-cay-thom-ngon-08382
Món Lẩu,https://www.dienmayxanh.com/vao-bep/cach-lam-lau-long-bo-ham-sa-thom-ngon-moi-la-don-gian-tai-nha-07885
Món Lẩu,https://www.dienmayxanh.com/vao-bep/cach-lam-lau-ba-ba-nau-me-am-nong-cho-ngay-se-lanh-bo-duong-23464
Món Lẩu,https://www.dienmayxanh.com/vao-bep/cach-nau-lau-xi-quach-ngon-ngot-khong-bi-hoi-don-gian-ngay-08392
Món Lẩu,https://www.dienmayxanh.com/vao-bep/2-cach-nau-lau-bo-kim-chi-chua-cay-ngon-hap-dan-de-lam-cho-10573
Món Lẩu,https://www.dienmayxanh.com/vao-bep/cach-nau-lau-ghe-rau-muong-thanh-ngot-bo-duong-thom-ngon-don-14848
Món Lẩu,https://www.dienmayxanh.com/vao-bep/cach-lam-lau-luon-nau-me-chua-ngot-hap-dan-an-khong-ngung-08158
Món Lẩu,https://www.dienmayxanh.com/vao-bep/cach-nau-lau-duoi-bo-thuoc-bac-bang-noi-ap-suat-nhanh-chong-15720
Món Lẩu,https://www.dienmayxanh.com/vao-bep/cach-nau-lau-ca-tam-nau-me-thom-ngon-la-vi-chieu-dai-gia-dinh-08094
Món Lẩu,https://www.dienmayxanh.com/vao-bep/cach-nau-lau-bao-tu-ham-tieu-xanh-nong-hoi-thom-ngon-dam-da-08207
Món Lẩu,https://www.dienmayxanh.com/vao-bep/cach-nau-lau-ca-tam-chua-cay-thanh-mat-giai-nhiet-cho-bua-an-08001
Món Lẩu,https://www.dienmayxanh.com/vao-bep/cach-lam-lau-luon-bap-chuoi-ngon-ngot-hap-dan-don-gian-tai-08194
Món Bánh,https://www.dienmayxanh.com/vao-bep/cach-lam-banh-bao-khong-can-bot-no-thom-ngon-mem-xop-tai-nha-23545
Món Bánh,https://www.dienmayxanh.com/vao-bep/cach-lam-banh-tieu-don-gian-khong-can-men-no-khong-can-u-bot-07174
Món Bánh,https://www.dienmayxanh.com/vao-bep/cach-lam-banh-bo-bang-bot-gao-mem-xop-nhieu-re-tre-khong-bi-23539
Món Bánh,https://www.dienmayxanh.com/vao-bep/cach-lam-bot-banh-bao-trang-mem-xop-don-gian-tai-nha-23529
Món Bánh,https://www.dienmayxanh.com/vao-bep/cach-lam-banh-mi-kep-xuc-xich-don-gian-tai-nha-lot-da-ngay-23523
Món Bánh,https://www.dienmayxanh.com/vao-bep/huong-dan-cach-lam-banh-chi-mon-banh-doc-la-den-tu-binh-duong-19022
Món Bánh,https://www.dienmayxanh.com/vao-bep/cach-lam-banh-mi-pate-don-kinh-doanh-thom-ngon-sieu-hut-khach-23504
Món Bánh,https://www.dienmayxanh.com/vao-bep/cach-lam-banh-chuoi-nuong-bang-noi-com-dien-mem-thom-don-gian-13349
Món Bánh,https://www.dienmayxanh.com/vao-bep/cach-lam-banh-mochi-cham-kem-sua-nung-ninh-deo-min-don-gian-23478
Món Bánh,https://www.dienmayxanh.com/vao-bep/cach-lam-banh-coc-mo-tuoi-tho-va-cach-goi-banh-coc-mo-dep-23465
Món Bánh,https://www.dienmayxanh.com/vao-bep/cach-lam-banh-ran-doremon-khong-nhan-khong-can-may-danh-trung-12969
Món Bánh,https://www.dienmayxanh.com/vao-bep/cach-lam-banh-kem-tang-thay-co-ngay-nha-giao-20-11-cuc-don-14484
Món Bánh,https://www.dienmayxanh.com/vao-bep/cach-lam-banh-bot-loc-bang-bot-nang-nhan-tom-thit-dai-ngon-09848
Món Bánh,https://www.dienmayxanh.com/vao-bep/tu-lam-thanh-nang-luong-gao-lut-cha-bong-gion-tan-healthy-23442
Món Bánh,https://www.dienmayxanh.com/vao-bep/cach-lam-banh-ran-khoai-mon-pho-mai-chien-gion-thom-ngon-de-08686
Món Bánh,https://www.dienmayxanh.com/vao-bep/cach-lam-banh-mi-gao-lut-tai-nha-healthy-giu-dang-don-gian-23427
Món Bánh,https://www.dienmayxanh.com/vao-bep/cach-lam-banh-khoai-tay-sua-chien-xu-thom-ngon-gion-rum-09336
Món Bánh,https://www.dienmayxanh.com/vao-bep/cach-lam-banh-donut-nuong-khong-chien-thom-ngot-don-gian-13100
Món Chè,https://www.dienmayxanh.com/vao-bep/cong-thuc-nau-che-san-nong-deo-thom-ngot-lanh-thich-hop-de-23548
Món Chè,https://www.dienmayxanh.com/vao-bep/cach-nau-che-dau-xanh-hat-sen-thom-mat-bui-ngot-cho-ca-gia-08341
Món Chè,https://www.dienmayxanh.com/vao-bep/cach-nau-che-chuoi-dau-xanh-thom-ngon-hap-dan-cuc-de-lam-09257
Món Chè,https://www.dienmayxanh.com/vao-bep/cach-lam-che-cu-nang-trai-dua-thom-ngon-thanh-mat-de-chieu-07808
Món Chè,https://www.dienmayxanh.com/vao-bep/cach-nau-che-dau-den-nha-dam-bui-ngot-thanh-mat-don-gian-tai-11863
Món Chè,https://www.dienmayxanh.com/vao-bep/cach-lam-che-troi-nuoc-nhan-khoai-mon-moi-la-deo-thom-don-09885
Món Chè,https://www.dienmayxanh.com/vao-bep/cach-lam-che-khoai-bi-do-deo-mem-thom-ngon-de-lam-09564
Món Chè,https://www.dienmayxanh.com/vao-bep/cach-lam-che-banh-canh-ngot-nhan-dau-mem-ngon-thom-phuc-an-la-12162
Món Chè,https://www.dienmayxanh.com/vao-bep/cach-nau-che-cu-nang-thanh-mat-don-gian-cho-gia-dinh-07498
Món Chè,https://www.dienmayxanh.com/vao-bep/cach-nau-che-thot-not-ngot-thanh-thom-beo-hap-dan-tai-nha-07916
Món Chè,https://www.dienmayxanh.com/vao-bep/cach-nau-che-hoa-cau-voi-bot-san-day-che-tao-xon-ngon-sanh-07218
Món Chè,https://www.dienmayxanh.com/vao-bep/cach-lam-suong-sao-tu-la-tuoi-deo-dai-thanh-mat-de-giai-nhiet-23470
Món Chè,https://www.dienmayxanh.com/vao-bep/cach-nau-che-kiem-mien-tay-beo-ngon-ngot-lanh-don-gian-tai-23463
Món Chè,https://www.dienmayxanh.com/vao-bep/cach-nau-che-buoi-dau-xanh-gion-khong-bi-dang-cuc-don-gian-13829
Món Chè,https://www.dienmayxanh.com/vao-bep/cach-lam-thach-suong-sao-den-thanh-mat-sieu-de-lam-09175
Món Chè,https://www.dienmayxanh.com/vao-bep/cach-nau-che-khoai-mi-vien-nuoc-cot-dua-2-mau-thom-ngon-dep-13146
Món Chè,https://www.dienmayxanh.com/vao-bep/cach-nau-che-san-buoi-deo-ngot-thom-ngay-am-long-nhung-ngay-07666
Món Chè,https://www.dienmayxanh.com/vao-bep/cach-nau-che-troi-nuoc-cot-dua-nhan-dau-xanh-deo-ngon-de-lam-09840
Món Chè,https://www.dienmayxanh.com/vao-bep/cach-nau-che-du-du-tiem-cua-nguoi-hoa-vua-thanh-mat-vua-bo-08039
Món Chè,https://www.dienmayxanh.com/vao-bep/cach-nau-che-xoai-buoi-bot-bang-thom-ngon-beo-ngot-hap-dan-de-15432
Món Chè,https://www.dienmayxanh.com/vao-bep/cach-nau-che-hat-sen-dau-den-bui-ngot-thom-ngon-de-lam-tai-09205
Món Chè,https://www.dienmayxanh.com/vao-bep/cach-nau-che-bap-dau-xanh-ngot-thom-bo-duong-de-lam-tai-nha-08930
Món Chè,https://www.dienmayxanh.com/vao-bep/cach-nau-che-hat-sen-tao-do-thanh-mat-bo-duong-giai-nhiet-11593
