category,url,error
Món Thịt Heo,https://www.dienmayxanh.com/vao-bep/menu-cac-loai-tra-sua-hot-noi-dinh-dam-hien-nay-va-cong-thuc-23569,Missing data
Món Thịt Heo,https://www.dienmayxanh.com/vao-bep/tong-hop-12-cach-lam-banh-tu-khoai-lang-va-bot-mi-ngon-da-23570,Missing data
Món Thịt Heo,https://www.dienmayxanh.com/vao-bep/cach-nhat-long-yen-tai-nha-sach-nhanh-chong-voi-bi-quyet-tu-a-23571,Missing data
Món Thịt Heo,https://www.dienmayxanh.com/vao-bep/goi-y-thuc-don-com-van-phong-cho-1-thang-26-ngay-da-dang-che-23541,Missing data
Món Thịt Heo,https://www.dienmayxanh.com/vao-bep/chuot-lam-gi-ngon-tong-hop-8-mon-chuot-dong-ngon-ba-chay-23522,Missing data
Món Thịt Heo,https://www.dienmayxanh.com/vao-bep/cach-nhat-rau-bi-dung-don-gian-sach-xo-de-che-bien-nhieu-mon-23516,Missing data
Món Canh,https://www.dienmayxanh.com/vao-bep/kham-pha-nguyen-lieu-nau-canh-chua-ca-ngon-dung-dieu-ca-khong-23553,Missing data
Món Canh,https://www.dienmayxanh.com/vao-bep/mach-ban-3-cach-thai-bau-nau-canh-ngon-va-meo-giu-bau-xanh-23550,Missing data
Món Canh,https://www.dienmayxanh.com/vao-bep/canh-chua-an-voi-mon-man-gi-goi-y-cac-mon-man-kho-chien-xao-23527,Missing data
Món Canh,https://www.dienmayxanh.com/vao-bep/tong-hop-cac-loai-rau-nem-canh-chua-thong-dung-de-di-cho-23506,Missing data
Món Nướng,https://www.dienmayxanh.com/vao-bep/cach-uop-de-nuong-sa-te-ngu-vi-thom-lung-ngon-mem-mien-che-23502,Missing data
Món Gỏi,https://www.dienmayxanh.com/vao-bep/kham-pha-cac-loai-rau-an-song-ngon-va-bo-duong-cho-suc-khoe-23512,Missing data
Món Cuốn,https://www.dienmayxanh.com/vao-bep/tong-hop-cac-nguyen-lieu-lam-pho-cuon-day-du-chuan-vi-ha-noi-23528,Missing data
Món Cuốn,https://www.dienmayxanh.com/vao-bep/tong-hop-cac-loai-rau-an-bun-dau-mam-tom-dung-chuan-cho-mon-23524,Missing data
Món Lẩu,https://www.dienmayxanh.com/vao-bep/lau-bo-an-rau-gi-tong-hop-cac-loai-rau-an-lau-bo-khong-the-23554,Missing data
Món Lẩu,https://www.dienmayxanh.com/vao-bep/tong-hop-cac-loai-rau-an-lau-hai-san-phu-hop-de-noi-lau-them-23526,Missing data
Món Lẩu,https://www.dienmayxanh.com/vao-bep/tong-hop-cac-loai-rau-an-lau-thai-sieu-hop-di-cho-nhat-dinh-23513,Missing data
