url,error
https://monngonmoingay.com/canh-chua-tom-bon-bon-bong-dien-dien/,Missing title
https://monngonmoingay.com/hu-tieu-sa-dec-xao-tep-bong-dien-dien/,Missing title
https://monngonmoingay.com/lau-bo-khoai-cao/,Missing title
https://monngonmoingay.com/lau-ca-thac-lac-kho-qua-2/,Missing title
https://monngonmoingay.com/tep-ruong-xao-khe-bong-dien-dien/,Missing title
https://monngonmoingay.com/sup-dau-non-trung-rong-bien/,Missing title
https://monngonmoingay.com/dau-bap-nhoi-cha-ca-chien/,Missing title
https://monngonmoingay.com/com-chanh-an-do/,Missing title
https://monngonmoingay.com/ca-keo-nuong-muoi-ot/,Missing title
https://monngonmoingay.com/salad-cai-mam-tom-chien/,Missing title
https://monngonmoingay.com/dau-hu-hap-nam-nhat/,Missing title
https://monngonmoingay.com/ca-hoi-chien-sot-chanh/,Missing title
https://monngonmoingay.com/canh-thanh-long/,Missing title
https://monngonmoingay.com/salad-tron-kieu-nhat/,Missing title
https://monngonmoingay.com/muc-ne/,Missing title
https://monngonmoingay.com/vit-quay-xao-thom/,Missing title
https://monngonmoingay.com/canh-thit-bo-cai-xoong/,Missing title
https://monngonmoingay.com/ca-thu-rim-nuoc-tra-xanh/,Missing title
https://monngonmoingay.com/ca-hu-kho-xot-tuong/,Missing title
